Threshold,Accuracy,Precision,Recall,F1 Score,Predicted Attrition Cases
0.3,0.7244897959183674,0.3111111111111111,0.5957446808510638,0.40875912408759124,90
0.35,0.782312925170068,0.373134328358209,0.5319148936170213,0.43859649122807015,67
0.4,0.782312925170068,0.33962264150943394,0.3829787234042553,0.36,53
0.45,0.8163265306122449,0.4146341463414634,0.3617021276595745,0.38636363636363635,41
0.5,0.8299319727891157,0.45161290322580644,0.2978723404255319,0.358974358974359,31
0.55,0.8299319727891157,0.42857142857142855,0.19148936170212766,0.2647058823529412,21
0.6,0.8333333333333334,0.42857142857142855,0.1276595744680851,0.19672131147540983,14
0.65,0.8469387755102041,0.625,0.10638297872340426,0.18181818181818182,8
0.7,0.8401360544217688,0.5,0.06382978723404255,0.11320754716981132,6
